role_k1000_v3,role_k1000_v3_num,x_2d,y_2d
Aerospace Engineer,1,4.23767,7.88441
Aerospace Systems Technician,2,7.196322,8.612453
Aviation Safety Inspector,3,6.4631777,8.939508
Avionics Technician,4,7.237606,8.703791
Drone Operator,5,7.028996,8.83557
Meteorologist,6,5.9343963,8.20671
Military Pilot,7,7.1624084,8.803444
Nuclear Operations Technician,8,6.971463,8.413829
Radiation Safety,9,5.0565634,8.6907625
Safety and Security Officer,10,5.6901503,9.432837
Simulation Engineer,11,4.058,7.780609
BIM Modeler,12,4.8775544,7.6349425
Building Systems Designer,13,5.031548,7.827213
Construction Estimator,14,5.040137,7.468102
Construction Inspector,15,6.404389,8.922275
Construction Supervisor,16,7.657986,7.0555634
Cost Analyst,17,3.9899282,3.9404838
Design Engineer,18,4.3236475,7.809448
Energy Project Manager,19,5.447388,7.8962264
Healthcare Project Coordinator,20,2.3959732,4.724395
Lighting Designer,21,5.3303237,6.056842
Piping Engineer,22,4.581117,8.050416
Project Engineer,23,4.427306,7.9610248
Quantity Surveyor,24,5.134181,7.4352455
Structural Engineer,25,4.54028,8.175229
Technical Project Manager,26,2.0960207,4.808242
Transportation Engineer,27,4.6486354,8.114464
Wind Technician,28,7.3859863,8.434963
Audio Visual Technician,29,5.7190046,6.173285
Automation Systems Engineer,30,3.8693705,7.3814464
Building Systems Engineer,31,5.0751925,7.960746
Commissioning Engineer,32,4.932326,7.9930153
Corrosion Engineer,33,4.7504663,8.201476
Data Center Facilities,34,6.441274,7.2816143
Data Center Technician,35,6.4290233,7.420724
Electrical Maintenance Technician,36,7.2579017,8.156506
Electrical Trainer,37,8.371421,0.6709346
Electronics Engineer,38,4.171733,7.63477
Energy Engineer,39,5.5131383,7.982897
Energy Systems Engineer,40,5.4399943,7.9815426
Engineer,41,4.336267,7.921384
Engineering Innovator,42,4.195027,7.7323093
Engineering Intern,43,4.415947,7.9724765
Engineering Program Manager,44,2.0840402,4.9136086
Field Service Engineer,45,6.990292,8.024195
Fire Protection Engineer,46,5.2972565,8.680466
Fire and Security Installer,47,6.017863,9.073743
HVAC Coordinator,48,7.225078,7.169541
Human Factors Engineer,49,4.6504683,6.236013
Instrumentation Technician,50,7.180945,8.213545
Manufacturing Engineer,51,4.3083005,7.885577
Materials Engineer,52,4.6472983,8.2057295
Mechanical Engineer,53,4.457431,8.003993
Medical Device Engineer,54,4.1735015,7.693205
Nuclear Engineer,55,4.739651,8.184279
Operations Engineering,56,6.8154054,6.40869
Optical Engineer,57,4.2691646,7.366644
Reliability Engineer,58,4.0151105,7.525184
Safety Engineer,59,4.949617,8.661535
Solar Technician,60,7.457496,8.190971
Telecom Technician,61,5.213006,6.794018
Validation Engineer,62,3.6864178,7.836334
Archaeologist,63,5.786783,8.147189
Asbestos Technician,64,6.9543657,8.273446
Drilling Technician,65,7.6147666,8.287731
Environmental Analyst,66,6.0113244,8.077047
Environmental Scientist,67,6.069244,8.197921
Geologist,68,5.8034,8.221934
Geospatial Technician,69,5.304502,7.2755113
Geotechnical Engineer,70,4.8193827,8.239308
Land Planner,71,5.6964865,7.104025
Land Surveyor,72,5.352199,7.310698
Transportation Technician,73,8.907027,6.791348
Urban Planner,74,5.8050985,7.041972
Water Management Engineer,75,4.6724286,8.12752
Water Resources Engineer,76,4.7293916,8.18293
Certification Analyst,77,3.3902113,3.038346
Document Manager,78,4.412833,1.6671878
Ergonomics Consultant,79,4.35906,5.7209496
Fire Safety Inspector,80,6.053655,9.046357
Food Safety Inspector,81,6.414865,8.921246
Non-Destructive Testing Technician,82,7.088416,8.403413
Pharmaceutical Quality Assurance,83,3.104657,8.147804
Product Safety Analyst,84,3.4076614,8.158129
Quality Assurance,85,3.156515,8.124778
Quality Assurance Analyst,86,3.1321638,8.104391
Quality Inspector,87,6.402971,8.940682
Safety Coordinator,88,5.4299936,9.003449
Electric Vehicle Consultant,89,6.738982,4.637308
Energy Specialist,90,5.6081614,7.968527
Meter Data Analyst,91,5.678301,7.8857107
Offshore Operations Coordinator,92,6.969545,6.951887
Oil and Gas Analyst,93,5.744935,7.998269
Renewable Energy Consultant,94,5.6246443,7.8568735
Renewable Energy Specialist,95,5.5817327,7.9133983
Sustainability Analyst,96,6.002161,7.9961224
Transmission Operator,97,8.230426,7.712538
Utility Operations,98,7.5192165,7.42533
Agricultural Scientist,99,6.2093596,8.375047
Application Scientist,100,2.491769,5.668243
Biologist,101,5.9624414,8.32223
Biomedical Engineer,102,4.1910887,7.779728
Chemical Engineer,103,4.718346,8.209006
Food Technologist,104,8.47952,4.8181176
Forensic Scientist,105,2.6172974,2.876843
Lab Technician,106,7.112957,8.297804
Patent Chemist,107,5.2273693,8.222272
Regulatory Analyst,108,3.3285828,2.9415224
Research Scientist,109,2.4215765,5.756946
Science Project Manager,110,2.2408352,5.0740075
Scientific Researcher,111,2.419333,5.7490163
Account Analyst,112,3.7558188,4.5212593
Accountant,113,4.5095787,3.0505912
Accounting Assistant,114,4.8448167,2.817748
Accounting Consultant,115,4.5197763,3.0650644
Billing Coordinator,116,4.7139797,3.0269158
Bookkeeper,117,4.6338787,2.9469857
Collections Agent,118,4.6018114,2.5868773
Data Clerk,119,3.1155853,5.444541
Document Processor,120,4.4991837,1.7457474
Estate and Trust Advisor,121,5.2148337,2.7379081
Finance Clerk,122,4.8116136,2.7522144
Finance Executive,123,4.6998186,3.3385565
Finance Manager,124,4.45561,3.3867753
Finance Officer,125,4.5245495,3.2220333
Finance Support Assistant,126,4.927021,2.666953
Financial Auditor,127,4.079648,2.9304836
Financial Systems Analyst,128,3.9408135,3.7549975
Fund Accountant,129,4.392405,3.0724053
Global Mobility,130,6.2068124,3.082881
Global Mobility Tax,131,6.139567,3.0569532
HR Finance Analyst,132,4.0975356,3.9557624
Healthcare Finance Analyst,133,4.1413074,3.6357007
Hospitality Finance Analyst,134,4.2180905,3.5522358
Insurance Finance Analyst,135,3.997594,3.6543922
Outsourcing Manager,136,5.1092906,4.412086
Outsourcing Operations,137,7.2570686,6.468747
Payroll Administrator,138,5.28809,2.4942281
Property Accountant,139,4.612978,3.118731
Reconciliation Analyst,140,4.3067045,3.3126657
Tax Consultant,141,5.19895,3.0576258
Transfer Pricing Analyst,142,4.4115534,3.7401617
Banking Advisor,143,5.5127773,2.8356833
Banking Analyst,144,4.062943,3.5350642
Banking Product Manager,145,1.5991901,4.6214647
Client Support Advisor,146,6.4079804,5.158342
Credit Analyst,147,4.0289946,3.44414
Credit Risk Analyst,148,3.834859,3.473822
Digital Finance Trader,149,3.3919218,3.9605148
Due Diligence Analyst,150,3.8763552,3.5119689
ESG Finance Analyst,151,3.898352,3.2815819
Energy Trader,152,3.3787088,3.979846
Financial Advisor,153,5.345675,2.978429
Financial Product Analyst,154,3.9499984,3.7256157
Financial Recruiter,155,6.1167936,1.430588
Financial Valuation Analyst,156,4.140339,3.5163043
Investment Advisor,157,5.3017216,3.0169966
Investment Trader,158,3.4814875,3.9067502
Investor Relations,159,4.150023,3.4576762
Loan Officer,160,5.4303193,2.775635
M&A Analyst,161,4.131938,3.7784793
Notary Agent,162,4.7464886,2.530018
Payment Operations,163,6.9823794,5.7625566
Trader,164,3.438164,3.9197001
Treasury Analyst,165,4.1624365,3.4802039
Trust Officer,166,4.980776,2.758658
Benefits Coordinator,167,5.95351,1.991598
Claims Adjuster,168,4.296236,2.4294357
Claims Processor,169,4.2894654,2.280125
Compensation and Benefits,170,5.9206047,1.8589776
Insurance Broker,171,5.3353434,3.2480695
Insurance Manager,172,5.148405,3.4371436
Insurance Specialist,173,5.09111,3.306216
Insurance Underwriter,174,4.71231,3.186065
Pension Administrator,175,5.240176,2.4689674
Auditor,176,3.8112426,2.8919399
Complaint Resolution,177,3.4849524,2.4107037
Compliance Officer,178,3.3052042,2.6883583
ESG Auditor,179,3.8889587,2.9932437
Ethics Compliance Officer,180,3.2689254,2.5192173
Financial Examiner,181,4.294394,2.914098
Fraud Investigator,182,3.4248364,2.5157123
Market Surveillance Analyst,183,3.5690398,4.141333
Regulatory Affairs,184,3.3143077,2.8428156
Risk Analyst,185,3.372437,3.3921134
Trade Compliance,186,6.2760596,3.171225
Attorney,187,3.40392,2.035554
Compliance Counsel,188,3.3454552,2.1272812
Corporate Counsel,189,3.3418727,2.0506358
Document Examiner,190,4.4051347,1.7138158
Employment Lawyer,191,3.5326355,1.9213245
Intellectual Property Attorney,192,3.400506,2.0047383
Licensing Officer,193,3.5296566,2.123115
Paralegal,194,3.43565,2.073944
Privacy Counsel,195,3.1714914,2.2291825
Real Estate Lawyer,196,3.4911602,2.0261216
Acquisition Integration Analyst,197,4.0120015,4.038537
Actuary,198,3.6687539,3.7248442
Business Performance Analyst,199,3.7379515,5.06169
Compensation Analyst,200,3.9502635,4.45884
Contract Analyst,201,4.0826907,4.2120175
Economist,202,3.6363504,3.8207884
Energy Analyst,203,5.669881,8.024223
Financial Analyst,204,4.0407085,3.6562479
Financial Business Analyst,205,3.903841,3.8320026
Pricing Analyst,206,4.1817265,4.1754017
Quantitative Risk Analyst,207,3.5085974,3.764977
Revenue Specialist,208,5.0209637,4.0349326
Sales Compensation Analyst,209,3.9171512,4.5657935
Sustainability Consultant,210,5.9926586,7.9016113
Asset Manager,211,5.449755,3.654653
Chief Executive Officer,212,5.353744,3.4054587
Corporate Executive,213,5.364706,3.6080105
Housing Compliance Analyst,214,3.3637893,2.8294497
Land Acquisition Agent,215,5.5372696,6.936122
Property Appraiser,216,4.506023,3.0632277
Property Manager,217,5.6922493,3.4247544
Property Valuer,218,4.546385,3.1368852
Real Estate Consultant,219,5.6712255,3.326724
Real Estate Coordinator,220,5.6139436,3.301209
Real Estate Finance,221,4.6295547,3.2614424
Title Examiner,222,4.5105295,2.4247262
Biomedical Researcher,223,2.3775792,5.778437
Clinical Data Scientist,224,3.0697746,5.385928
Clinical Research Coordinator,225,2.503069,5.593403
Health Researcher,226,2.412375,5.8371863
Medical Science Liaison,227,7.4489036,3.6583433
Medical Writer,228,4.9715137,4.902127
Regulatory Affairs Analyst,229,3.356677,2.9116344
Alternative Medicine Therapist,230,8.93578,2.7307694
Appeals Analyst,231,3.4960167,2.5494199
Care Coordinator,232,8.303205,2.7482612
Care Manager,233,8.415736,2.7617335
Clinical Dietitian,234,8.582168,4.3510485
Clinical Pharmacist,235,9.425401,4.0434012
Community Health Worker,236,8.231929,2.724535
Credential Evaluator,237,3.7396007,2.7881916
Dental Assistant,238,9.42051,3.380792
Dental Hygienist,239,9.366702,3.2121475
Dental Practitioner,240,9.30265,3.1861362
Dialysis Nurse,241,8.709433,2.9870791
Emergency Medical Nurse,242,8.669196,2.9131536
Eye Care Assistant,243,9.3967085,3.333522
Health Informatics,244,3.138496,5.4482336
Health Information Manager,245,3.0998511,5.4487114
Health and Wellness Coordinator,246,8.216311,2.9099512
Healthcare Assistant,247,9.189399,3.322243
Healthcare Educator,248,8.111906,2.8457232
Healthcare HR Specialist,249,5.9489155,1.8425285
Healthcare Investigator,250,3.50053,2.5356035
Healthcare Liaison,251,7.416257,3.7069516
Healthcare Nurse,252,8.68514,2.996973
Healthcare Operations,253,7.103199,6.054717
Healthcare Project Lead,254,2.2482226,4.746938
Healthcare Quality Auditor,255,3.7880664,2.8646364
Healthcare Receptionist,256,9.020444,3.4617267
Healthcare Support,257,9.159466,3.316632
Healthcare Technician,258,9.363668,3.4367332
Infection Control Coordinator,259,8.332509,3.24367
Infection Control Nurse,260,8.483714,3.0759883
Laboratory Technician,261,7.153706,8.207815
Massage Therapist,262,8.921692,2.641011
Medical Billing,263,4.596267,2.8585262
Medical Coder,264,3.8670049,2.7374134
Medical Practitioner,265,8.8757715,2.9227293
Medical Sales Specialist,266,7.0688562,3.963813
Medical Scribe,267,8.91043,3.2158344
Medical Transporter,268,9.088481,6.6483035
Mental Health Counselor,269,8.337516,2.577035
Nurse Educator,270,8.174199,2.036865
Nutrition Manager,271,8.452994,4.596576
Nutritionist,272,8.469995,4.51813
Occupational Health Advisor,273,7.845069,3.4163454
Ophthalmic Technician,274,9.441784,3.402468
Ophthalmologist and Otologist,275,9.417654,3.3094673
Patient Access,276,9.182216,3.3468518
Patient Care Aide,277,9.247238,3.3512962
Pharmacist,278,9.397363,3.9834194
Pharmacy Assistant,279,9.419732,3.8790603
Pharmacy Informatics,280,9.4474745,4.053788
Pharmacy Operations,281,9.439186,4.003
Pharmacy Safety,282,9.4316635,4.0761366
Pharmacy Technician,283,9.458609,3.8218071
Phlebotomy Technician,284,9.505814,3.5719423
Physical Therapist,285,8.822325,2.5925305
Provider Relations,286,5.7177687,4.179967
Radiology Technologist,287,9.461194,3.4442892
Registered Nurse,288,8.69374,2.9814537
Rehabilitation Aide,289,9.088406,2.8231354
Rehabilitation Therapist,290,8.850245,2.6576638
Respiratory Therapist,291,8.993106,2.7548378
Sleep Technician,292,9.196606,2.9470072
Social Worker,293,8.328531,2.614102
Specialized Healthcare Recruiter,294,6.155134,1.4772474
Speech Therapist,295,8.825489,2.573304
Sports Medicine Therapist,296,8.889029,2.6792383
Sterile Processing Technician,297,9.516812,3.528437
Surgical Technician,298,9.517646,3.5128162
Therapist,299,8.744242,2.6589088
Ultrasound Technician,300,9.463219,3.4438992
Utilization Review,301,3.9021754,2.7092872
Veterans Support Coordinator,302,7.9572916,2.6331778
Veterinarian,303,9.1075535,3.6868396
Veterinary Receptionist,304,9.117291,3.6864376
Veterinary Technician,305,9.345762,3.5570114
Wellness Coach,306,8.598533,2.5147586
On Leave,307,8.657352,2.9925766
Retired,308,8.566701,3.036127
Customer Service Operations,309,6.9243383,5.835199
Operations Associate,310,7.0778413,6.0468516
Order Coordinator,311,8.282827,6.1532288
Parts and Aftersales,312,6.6877313,4.2946234
Print Operations,313,8.64256,7.8528852
Quotation Analyst,314,4.353582,4.43392
Warranty Analyst,315,4.225643,4.1791515
Diversity and Inclusion Coordinator,316,7.1804895,2.577445
Employee Relations,317,5.847711,1.7673997
HR Business Partner,318,5.949253,1.7992725
HR Coordinator,319,6.0280585,1.9453123
HR Intern,320,6.0945606,1.9817462
Healthcare Recruitment Manager,321,6.1276693,1.3563023
Labor Mediator,322,3.7704508,1.9299182
Legal Recruiter,323,6.112962,1.4430038
Military Recruiter,324,6.1902432,1.4571465
Recruitment Coordinator,325,6.1982756,1.574416
Talent Acquisition Specialist,326,6.1328773,1.4399253
Talent Development,327,6.1201677,1.6352181
Aviation Operations,328,7.1113167,8.820743
Fleet Coordinator,329,7.735496,6.8580704
Fuel Operations Coordinator,330,7.245295,6.9467206
Logistics Dispatcher,331,8.790965,6.347395
Logistics Officer,332,8.833851,6.3563037
Maritime Operations,333,6.950823,8.872036
Recycling Engineer,334,6.5352373,7.9829483
Scheduler,335,6.320227,6.8079834
Transportation Operations,336,8.641331,6.615867
Transportation Planner,337,5.837505,7.092897
Biofuels Operations,338,6.940958,7.355139
Food Manufacturing Technician,339,8.632326,7.7158113
Labeling Coordinator,340,8.316258,6.1545024
Manufacturing Operations,341,8.477068,7.677565
Process Improvement Specialist,342,4.2999434,5.4246087
Product Launch Manager,343,1.6756583,4.7064695
Supplier Quality Assurance,344,3.1507392,8.111005
Contact Center Operations,345,6.9731665,6.023577
Department Manager,346,7.3620167,6.6019874
Energy and Mining Operations,347,6.9065146,7.443344
Facilities Administrator,348,7.004675,7.2482395
Facilities Operations,349,7.111646,7.1355023
Field Operations,350,7.1844707,6.2507114
Global Operations Manager,351,6.746709,6.464509
HR Operations,352,5.916799,1.8537085
Industrial Infrastructure Manager,353,6.2263603,7.1127133
Maintenance Coordinator,354,7.0845404,7.2787676
Operations Intern,355,7.188684,6.162755
Operations Leadership,356,6.837533,6.4406157
Operations Management,357,6.8043127,6.4060555
Operations Manager,358,6.7357078,6.4337387
Operations Specialist,359,7.020957,6.1516976
Relocation Consultant,360,6.053957,3.0802734
Scheduling Coordinator,361,7.886008,5.9200644
Service Operations,362,7.0815344,6.0033402
Site Operations,363,7.046996,6.3473353
Workforce Planner,364,5.994323,6.9094534
Contract Administrator,365,4.4093533,4.219242
Document Controller,366,4.3739176,1.6146303
Industry Coordinator,367,7.032385,2.7755082
Industry Planner,368,6.034642,6.92634
Industry Project Manager,369,2.055579,4.8189683
Operations Support,370,7.0592957,6.0954394
Project Controller,371,2.5742195,4.509965
Project Coordination,372,2.5514543,4.645095
Subcontract Coordinator,373,4.459295,4.3348794
Tender Coordinator,374,4.5214286,4.350806
Apparel Production,375,8.6183605,7.746632
Clinical Supply Chain,376,8.410177,6.2968664
Commodity Trader,377,3.442516,3.9233568
Customs Analyst,378,6.355842,3.1488092
Customs Compliance,379,6.3664503,3.1284206
Distribution Coordinator,380,8.48217,6.2017007
E-commerce Fulfillment,381,7.8069315,5.990074
Freight Coordinator,382,8.662976,6.343881
Import Export Coordinator,383,6.5661993,3.0167878
Inventory Coordinator,384,8.358885,6.1771765
Logistics Coordinator,385,8.694734,6.241609
Logistics Technician,386,8.878742,6.389689
Maintenance Planner,387,6.551561,7.1458516
Manufacturing Finance Analyst,388,3.961285,3.6769965
Medical Logistics,389,8.853294,6.396379
Merchandise Planner,390,6.1095357,6.86652
Parts Coordinator,391,8.2305155,6.4753914
Planning Analyst,392,5.866906,6.9761405
Planning Specialist,393,5.916634,6.9675617
Procure to Pay Analyst,394,4.298258,4.263255
Procurement Analyst,395,4.1955996,4.2801237
Production Coordinator,396,7.798391,6.6807675
Production Planner,397,6.202863,6.9100475
Purchasing Agent,398,4.4698715,4.378113
Quality Control Analyst,399,3.118489,8.100732
Retail Project Manager,400,2.2393122,4.679108
Space Planner,401,5.9069967,7.025223
Supplier Diversity,402,5.159084,4.33374
Supply Chain Analyst,403,8.100928,6.2599745
Supply Chain Coordinator,404,8.250118,6.165764
Supply Chain Intern,405,8.053102,6.2871647
Supply Chain Network Planner,406,6.153192,6.8858056
Supply Chain Operations,407,8.226423,6.4483852
Supply Chain Project,408,8.142178,6.3938313
Sustainable Supply Chain,409,6.1774616,7.8695445
Trade Logistics,410,8.818701,6.269488
Vendor Relations,411,5.0657372,4.298975
Warehouse Operations,412,8.480824,7.030817
Business Services Coordinator,413,6.7240624,2.665787
Change Communication,414,4.6313033,5.113668
Change Management,415,4.399989,5.289964
HR Systems Analyst,416,3.7098334,5.2887335
Knowledge Manager,417,5.2192574,4.8545337
Learning Systems Administrator,418,7.9066033,1.1431532
Onboarding Coordinator,419,6.100368,1.8793963
Performance Consultant,420,4.233859,5.5715175
Process Specialist,421,7.1109343,6.4260826
Transformation Consultant,422,4.35029,5.692854
Workforce Analyst,423,3.8600683,5.30272
Business Continuity Analyst,424,2.1236777,3.1862376
Cybersecurity Analyst,425,1.93629,3.4096003
Cybersecurity Specialist,426,1.9005697,3.420495
Data Privacy,427,2.2503228,3.620825
Digital Forensics Analyst,428,2.3961067,2.9535015
Disaster Recovery Analyst,429,2.3402755,3.0597353
IT Security Auditor,430,2.2687023,3.374369
IT Security Specialist,431,1.95396,3.4616365
Incident Responder,432,1.946154,3.2917438
Intelligence Analyst,433,3.2295635,4.712334
Network Security Analyst,434,1.9665486,3.4492633
Security Analyst,435,1.960207,3.437008
Security Clearance Analyst,436,3.4548876,4.6527734
Security Monitor,437,5.686899,9.570631
Security Program Manager,438,1.9437673,3.9824922
Threat Analyst,439,2.0311809,3.2473087
Trust and Safety Analyst,440,2.1186361,3.3119764
Vulnerability Analyst,441,1.9876487,3.2995636
BIM Coordinator,442,4.949852,7.5210958
Business Intelligence Analyst,443,3.4054086,5.1947894
Clinical Data Specialist,444,3.0173523,5.4284396
Data Analyst,445,3.2565777,5.2872596
Data Manager,446,3.0561988,5.5999494
Data Steward,447,3.0598187,5.6757264
Digital Marketing Analyst,448,5.152899,4.980459
E-Discovery Analyst,449,2.5535324,2.8673475
GIS Analyst,450,5.2605495,7.2347097
HR Data Analyst,451,3.7345264,5.194797
Healthcare Data Analyst,452,3.2745485,5.293566
Administrative Support,453,5.6720495,2.25266
Capacity Planner,454,6.0260744,6.9614806
Customer Support Expert,455,6.525325,5.2791786
Data Center Operations,456,6.4732275,7.172208
Database Administrator,457,3.276879,6.4711523
IT Administrator,458,4.5451193,6.6987653
IT Asset Manager,459,5.6191015,6.6648507
IT Operations Management,460,6.3102956,6.583436
IT Support,461,4.808111,6.759395
IT Support Technician,462,4.921102,6.7640433
IT Systems Administrator,463,4.421202,6.755284
Incident Response,464,2.019402,3.2420893
Mainframe Engineer,465,3.5963297,6.938027
Mobility Technician,466,7.226883,7.4888573
Network Manager,467,4.617586,6.6282125
Network Performance Analyst,468,4.4657063,6.4878435
Network Specialist,469,4.758094,6.740936
Operations Support Specialist,470,7.0063,6.1012115
Technical Operations,471,6.9389353,6.3415513
Technical Support,472,5.086946,6.7273264
Technical Support Operations,473,6.8990173,6.124898
Technical Trainer,474,8.292998,0.64463747
Telecom Support Technician,475,5.115669,6.7940187
Agile Coach,476,8.146669,0.8462867
Automation Specialist,477,3.8112853,7.3766365
CRM Consultant,478,3.3090496,6.3809295
Cloud Advisor,479,3.797116,6.186068
Delivery Manager,480,2.1206937,4.6955547
Digital Archivist,481,4.568368,1.6538949
Digital Project Management,482,2.2043393,4.8019557
Digital Strategy Consultant,483,4.519591,5.5111294
Digital Workplace Consultant,484,4.362363,5.7093997
Enterprise Architect,485,3.7428384,6.3419003
Finance Project Manager,486,2.389759,4.545467
Healthcare Consultant,487,4.269666,5.75353
Healthcare Project Management,488,2.25869,4.7643523
IT Consultant,489,4.0665383,6.51981
Implementation Analyst,490,3.4842834,5.0850673
Legal Project Manager,491,2.2968597,4.592495
Localization Coordinator,492,6.4279847,2.770912
Messaging Marketing,493,5.5697308,4.835068
Mobility Consultant,494,6.1337643,3.1492252
Product Owner,495,1.6485134,4.631188
Product Support Technician,496,5.2218146,6.799351
Program Manager,497,2.1534193,4.8073072
Project Management,498,2.1450775,4.7958302
Project Manager,499,2.2213237,4.721365
Release Engineer,500,3.4138625,7.349419
Risk Compliance Analyst,501,3.367261,3.043583
Security Project Manager,502,2.0326462,4.3490367
ServiceNow Consultant,503,3.2908359,6.4804187
Technology Integrator,504,3.8411467,6.480667
Telecom Consultant,505,5.0451503,6.7487955
Business Analyst,506,3.5731559,4.9429445
Configuration Analyst,507,3.4396813,5.259151
Customer Experience Analyst,508,6.4661474,5.469386
Document Analyst,509,4.3903375,1.6641613
Dynamics 365 Consultant,510,3.3047678,6.500028
E-commerce Analyst,511,7.626198,5.9102325
EDI Analyst,512,3.455718,5.3829765
ERP Consultant,513,3.534288,6.5803113
HCM Systems Analyst,514,3.5802069,5.376546
Healthcare Systems Analyst,515,3.4365387,5.358797
Insurance Analyst,516,4.012161,3.5769274
LIMS Analyst,517,3.0476677,5.0787234
Operations Analyst,518,6.94269,6.1288524
Program Analyst,519,3.5747962,4.816891
QA Analyst,520,3.1216178,8.095964
Records Administrator,521,4.515574,1.6969306
SAP Consultant,522,3.3036096,6.605539
SAP Data Analyst,523,3.2743514,5.82289
SAP Developer,524,3.0878825,6.6755824
SAP Instructor,525,8.304707,0.8279128
SAP Test Engineer,526,3.1347036,7.172668
Salesforce Administrator,527,3.1039345,6.3343825
ServiceNow Developer,528,3.203484,6.528591
Systems Analyst,529,3.5366564,5.311778
Training and Curriculum Analyst,530,7.9747634,1.0230275
Administrative Assistant,531,5.8225956,2.2847664
Bilingual Administrative Coordinator,532,6.4641705,2.5568597
Court Clerk,533,4.4930696,1.8369052
Education Administrator,534,8.008739,1.5920529
Election Support,535,5.212001,2.0000143
Executive Assistant,536,5.921517,2.3132672
HR Administrative Assistant,537,5.936656,2.040772
Program Coordinator,538,7.191422,2.715219
Records Clerk,539,4.576361,1.7349696
Research Coordinator,540,2.4204423,5.630222
Climate Analyst,541,5.9039893,8.056271
Community Coordinator,542,7.3401556,2.7063532
Community Organizer,543,7.481174,2.7015672
Community Program Coordinator,544,7.345056,2.726638
Development Director,545,5.300137,3.3593907
Development Officer,546,5.1254783,3.1008883
Environmental Coordinator,547,6.5032806,7.998995
Finance Volunteer,548,7.2633,2.834617
Food Program Coordinator,549,8.219495,4.3498163
Grant Administrator,550,5.123641,2.9161978
International Policy Advisor,551,4.811956,3.7222595
Nonprofit Volunteer,552,7.47422,2.781213
Policy Evaluator,553,3.7125616,3.1820838
Public Policy Advocate,554,4.8018527,3.706937
Public Relations Officer,555,4.8006244,3.813803
Stakeholder Engagement,556,4.873792,3.8498418
Immigration Consultant,557,6.094385,3.0126758
Civil Rights Investigator,558,3.3949864,2.3782434
Correctional Officer,559,5.7660503,9.493399
Emergency Dispatcher,560,5.6339273,8.739287
Emergency Management,561,5.55366,9.2602005
Law Enforcement Officer,562,5.6941957,9.387588
Legal Counsel,563,3.3659694,2.0437365
Military Operations Officer,564,6.884398,8.933246
Public Safety Officer,565,5.659082,9.399452
Records Examiner,566,4.413325,1.7609586
Security Instructor,567,8.322151,1.061278
Wildlife Conservation Officer,568,5.8742137,8.973935
Academic Researcher,569,2.3477137,5.810666
Creative Arts Educator,570,7.9954147,1.4122488
Data Science Educator,571,8.038335,1.327073
Language Instructor,572,8.221245,1.4591818
Language Translator,573,6.4662337,2.6968136
Legal Analyst,574,3.4067097,2.7927017
Library Assistant,575,5.1449966,1.6770649
Media Writer,576,5.26096,5.132202
Multimedia Designer,577,5.3013835,5.8718405
Museum Curator,578,5.2584953,1.6530807
Research Analyst,579,3.1153882,5.012052
Research Intern,580,2.2834003,5.8427954
Social Science Educator,581,8.141087,1.4963772
Survey Researcher,582,2.3579748,5.84741
University Faculty,583,7.928541,1.5853229
Writer,584,5.154755,5.0101914
Admissions Officer,585,6.468738,2.0593925
Art Instructor,586,8.004817,1.3984092
Arts Educator,587,8.032176,1.4890637
Behavior Analyst,588,8.418043,2.39972
Campus Engagement Coordinator,589,7.3152285,2.6264198
Campus Student Support,590,7.541677,1.8943046
Career Coach,591,7.681043,1.422022
Childcare Provider,592,8.257007,1.853866
Classroom Teacher,593,8.192997,1.5782567
Community Volunteer,594,7.4931507,2.7957602
Culinary Instructor,595,8.340008,4.667578
Early Childhood Educator,596,8.150356,1.625454
Education Coordinator,597,7.9871917,1.7003965
Educator,598,8.082853,1.7678902
Employment Advisor,599,6.8952155,1.8734075
Enrollment Officer,600,6.236546,2.053252
Family Support Counselor,601,8.0449095,2.4470742
Financial Aid Advisor,602,5.841788,2.47822
Fitness Coach,603,8.599983,2.3512027
Housing Support Coordinator,604,7.357413,2.764774
Internship Coordinator,605,7.0722227,2.6659439
Language Teacher,606,8.227207,1.4793676
Library Educator,607,7.9531684,1.3882273
Performing Artist,608,6.0200715,5.812741
Recreation Program Coordinator,609,7.4908037,2.6344554
Religious Leader,610,7.7519627,2.4477494
Religious Teacher,611,8.133736,1.5184087
School Bus Coordinator,612,8.025013,1.7674624
Science Educator,613,8.124242,1.4688765
Social Services Advocate,614,8.107556,2.6147437
Social Services Evaluator,615,8.0726185,2.563442
Social Support Worker,616,8.243511,2.6015007
Special Education Teacher,617,8.219181,1.601519
Spiritual Care Chaplain,618,8.146073,2.5067344
Sports Coach,619,8.600835,2.374801
Sports Operations,620,7.385065,5.5486374
Student Welfare Advisor,621,7.0190144,2.0162501
Youth Educator,622,8.093891,1.6083766
Apprenticeship Facilitator,623,8.267564,0.70217663
Aviation Instructor,624,8.255167,1.1497799
Corporate Trainer,625,8.362911,0.64511013
Cybersecurity Instructor,626,8.271232,1.0037888
Language Coach,627,8.283133,1.7347778
Learning Designer,628,7.9167786,1.1886797
Learning Developer,629,7.938729,1.0721046
Safety Trainer,630,8.352509,0.7095024
Trainer,631,8.335439,0.6117598
Training Auditor,632,3.8527055,2.8239899
Acquisition Strategist,633,4.4879527,3.8699815
Business Development,634,5.725337,3.8659718
Business Intern,635,6.884193,3.3876166
Client Solutions,636,6.0087194,4.912169
Energy Strategist,637,5.628545,7.9624176
Engagement Coordinator,638,7.132869,2.8812509
Entrepreneur,639,5.394239,3.817093
Innovation Consultant,640,4.265092,5.8124743
International Strategy,641,4.9255652,3.8757145
Licensing Strategist,642,3.598004,2.4479373
Network Strategist,643,4.595346,6.579361
Partnerships Coordinator,644,6.984854,2.7730014
Pricing Strategist,645,4.7156315,4.225299
Proposal Analyst,646,4.5157967,4.633599
Revenue Operations Leader,647,5.198221,4.350849
Strategy Consultant,648,4.477606,5.368433
Sustainability Advisor,649,5.8756537,7.9097886
Telecom Planner,650,5.813816,6.9780936
Brand Ambassador,651,6.7811027,4.5840573
Brand Marketing,652,5.7618804,4.814431
Brand Strategist,653,5.7040815,5.0619307
E-commerce Operations,654,7.524605,5.8465343
Fashion Buyer,655,6.0251694,5.4557695
Fashion Designer,656,5.7260923,5.6187973
Franchise Operations Specialist,657,5.8128133,3.1782312
Retail Sales,658,7.225672,4.665618
Communications Coordinator,659,5.6065207,4.577209
Content Creator,660,5.4237275,5.260287
Content Marketing,661,5.374733,4.9817963
Creative Project Manager,662,2.3185833,4.71679
Digital Marketing,663,5.414586,4.946448
Event Management,664,7.229728,5.2662563
Fundraising Coordinator,665,6.905757,2.8951106
Healthcare Marketer,666,5.911561,4.6108184
Marketing Assistant,667,5.71957,4.596561
Marketing Coordinator,668,5.683391,4.5879135
News Journalist,669,5.2951946,5.1649575
Proposal Writer,670,4.7778044,4.8222446
SEO Content Writer,671,5.2530375,5.042318
Search Marketing,672,5.4319797,4.848189
Social Media Marketing,673,5.537943,4.817212
Sports Marketing,674,5.637247,4.8517413
Video Producer,675,5.3862433,5.7243133
Visual Designer,676,5.3282676,5.876294
Customer Enablement,677,6.361149,4.9682765
Customer Experience,678,6.618962,5.4488883
Digital Marketing Strategist,679,5.4088326,4.8642035
E-commerce Coordinator,680,7.8545356,6.0207176
Education Product Developer,681,7.8806663,1.1616634
Financial Product Manager,682,1.650034,4.6218696
Growth Marketing,683,5.476047,4.820227
Healthcare Product Manager,684,1.6424614,4.6595864
Marketing Insights Analyst,685,4.032093,4.907523
Product Manager,686,1.6080803,4.6691055
Revenue Growth Strategist,687,5.1729856,4.423316
Sales Analyst,688,3.8612423,4.5813375
Finance Recruiter,689,6.1034646,1.4036871
Life Sciences Recruiter,690,6.138224,1.3793426
Recruitment Consultant,691,6.1519413,1.4228041
Talent Acquisition Director,692,6.040712,1.415414
Talent Marketing,693,5.5276237,4.769113
Technical Recruiter,694,6.1651225,1.3570228
Agricultural Sales,695,6.633495,4.111223
Bid Coordinator,696,4.5133195,4.4370556
Bid Manager,697,4.622735,4.48948
Client Account Manager,698,5.3616967,3.8141725
Customer Relations,699,6.59885,5.2544684
Customer Service Trainer,700,8.267952,0.5521982
Customer Success,701,6.3904743,5.09301
Cybersecurity Sales Representative,702,6.607351,4.07344
Dental Sales,703,6.943871,4.2804008
Digital Sales,704,5.473222,4.884471
Financial Sales,705,6.3187714,3.820098
Food and Beverage Sales,706,6.954966,4.422513
Healthcare Marketing,707,5.774413,4.6963444
Healthcare Sales,708,6.923507,4.016701
Healthcare Sales Specialist,709,7.112748,3.96732
Hospitality Sales,710,6.872578,4.359529
Insurance Sales,711,6.447701,3.9017775
Life Sciences Sales,712,6.876161,4.015931
Logistics Sales,713,8.815704,6.2564106
Market Access Analyst,714,3.7837913,4.330185
Medical Product Manager,715,1.6097488,4.6573315
Medical Sale,716,6.999019,4.022121
Multilingual Sales Agent,717,6.120676,3.536897
Pharmaceutical Leader,718,9.361716,4.067613
Pharmaceutical Sale,719,7.0522137,4.0288725
Public Sector Sales,720,6.561274,4.028666
Real Estate Agent,721,5.7860804,3.2942114
Regional Sales,722,6.5785656,4.0780835
Remote Sales Representative,723,6.4884977,3.9523206
Renewal Specialist,724,5.138008,4.2846336
Roofing Sales Representative,725,6.53739,4.020069
Sales Account Executive,726,6.355497,4.007645
Sales Consultant,727,6.6205792,4.1263127
Sales Enablement,728,6.4719954,4.5851707
Sales Intern,729,6.8690867,3.6795201
Sales Operations,730,6.9569325,5.858032
Sales Project Coordinator,731,4.3832183,4.557035
Sales Representative,732,6.543687,3.9717472
Sales Support,733,6.7188168,3.8506513
Sales Trainee,734,6.722901,3.8993309
Sales Trainer,735,8.292562,0.59505486
Sales and Marketing,736,6.5271177,4.4893794
Solar Energy Sales,737,6.673616,4.1777945
Tech Sales,738,6.7015204,4.135425
Technical Sales,739,6.7625484,4.130499
Travel Consultant,740,6.23454,3.2677772
Value Consultant,741,5.001411,4.3674364
Vehicle Sales,742,6.7094336,4.3322477
Automotive Advisor,743,6.834841,4.733952
Automotive Customer Support,744,6.5925508,5.2372427
Call Center Operations,745,6.9542613,5.9570518
Customer Data Analyst,746,3.529885,5.184288
Customer Service,747,6.618515,5.256505
Customer Service Representative,748,6.573494,5.246142
Customer Service Supervisor,749,7.5035777,6.6551943
Customer Support Agent,750,6.540223,5.28398
Customer Support Representative,751,6.613869,5.3091784
Membership Coordinator,752,7.139506,2.6491492
Rental Agent,753,5.8660264,3.4478817
Animal Caregiver,754,8.807831,4.364975
Animal Nutritionist,755,8.699754,4.4596863
Cashier,756,7.760632,5.060749
Casino Ticketing,757,7.69962,5.402931
Catering Coordinator,758,7.922926,4.3478255
Chef,759,8.384373,4.804124
Cleaner,760,7.792499,7.5132914
Custodial Staff,761,7.691974,7.5591784
Deli and Bakery Staff,762,8.013227,4.870936
Delivery Driver,763,8.979261,6.815686
Event Operations,764,7.3268237,5.4129734
Event Photographer,765,7.081701,5.4837894
Event Specialist,766,7.352054,5.0615916
Facility Caretaker,767,7.5060244,7.666344
Fitness Trainer,768,8.663151,2.4263222
Flight Attendant,769,7.1750836,8.816705
Food Server,770,8.077028,4.7996464
Food Service,771,8.070839,4.823709
Food Service Management,772,8.378751,4.771388
Food Service Volunteer,773,8.037045,4.238071
Gaming Attendant,774,7.689985,5.5039945
Gardener,775,7.892475,8.052497
Guest Services,776,7.692742,5.3012676
Hospitality Intern,777,6.9832993,3.5290203
Hospitality Services,778,7.766281,5.187111
Hotel Operations,779,7.600903,5.416301
Housekeeping Attendant,780,7.6966577,7.5119033
Housekeeping Supervisor,781,7.606807,7.0045705
Lifeguard,782,5.6593957,9.349643
Passenger Transport Driver,783,8.960484,6.8247666
Pastry Chef,784,8.322811,4.7918425
Performer,785,6.379555,5.6874237
Recreation Activities Coordinator,786,7.510747,2.604979
Restaurant Crew,787,7.982381,5.0158696
Service Attendant,788,7.8864436,7.368329
Spa Technician,789,7.343672,7.86436
Travel Coordinator,790,6.688755,2.897384
Visitor Services,791,7.748999,5.344549
Cash Clerk,792,4.9284782,2.8012679
Delivery Courier,793,8.962489,6.7718325
Facilities Coordinator,794,7.0644975,7.226825
Leasing Agent,795,5.804739,3.41744
Mail Processor,796,4.5407944,1.8056971
Mortician,797,4.6359096,1.8357396
Office Assistant,798,5.714421,2.3079162
Parking Attendant,799,7.8102093,5.6094046
Telecommunications Operator,800,5.1709156,6.837419
Vehicle Clerk,801,7.970417,6.801909
Automotive Sales,802,6.8635306,4.43949
Beauty Consultant,803,6.708356,4.612003
Beauty Retail Manager,804,6.2819924,5.299531
Beverage Sales Consultant,805,6.899899,4.4360905
Dispensary Sales,806,7.0522337,4.401549
Fashion Stylist,807,5.925479,5.511735
Food Retail Associate,808,7.732466,4.8188434
Home Design Consultant,809,6.3194714,3.7817636
Optical Technician,810,9.416712,3.4216857
Pest Control Sales,811,6.622941,4.092634
Pet Sales Associate,812,7.158374,4.5392466
Retail Cashier,813,7.638047,4.934558
Retail Merchandiser,814,7.462249,5.0598435
Retail Operations,815,7.4463463,5.449828
Retail Sales Associate,816,7.5098495,4.9031096
Retail Stock Associate,817,7.5413837,5.026964
Visual Merchandiser,818,5.7638326,5.646598
Asset Protection Manager,819,5.8796115,9.593878
Event Security,820,5.770382,9.490636
Loss Prevention Specialist,821,5.767693,9.570705
Maritime Security Officer,822,5.7392716,9.478917
Parking Officer,823,5.7642574,9.35644
Security Operations,824,5.670398,9.48669
Security Personnel,825,5.6955547,9.470855
Security Surveillance,826,5.7083316,9.531036
Airport Operations Supervisor,827,7.5589337,6.874457
Animal Care Manager,828,8.736647,4.479793
Automotive Service Operations,829,7.072992,6.050615
Branch Operations,830,7.0957184,5.954856
Casino Operations,831,7.6090584,5.4468036
Crew Coordinator,832,7.769854,6.728464
Delivery Logistics,833,8.891105,6.523226
Farm Operations,834,7.9431453,8.026313
Operations Director,835,6.736896,6.468808
Residential Property Management,836,5.6722236,3.4166806
Service Supervisor,837,7.538247,6.893972
Shift Supervisor,838,7.447624,6.636648
Team Lead,839,7.4075346,6.6608696
3D Designer,840,5.248745,6.1610236
Accessibility Consultant,841,4.5417075,5.6600156
Audio Visual Engineer,842,5.417956,6.152376
Digital Game Artist,843,5.1402154,6.0137706
Game Designer,844,4.9858117,6.134558
Game Developer,845,4.8691072,6.222229
Localization Specialist,846,6.3944182,2.7423947
Technical Writer,847,4.8283505,4.861596
UX Designer,848,4.9181876,6.0521193
UX Researcher,849,2.3768325,5.921634
Virtual Reality Developer,850,4.853718,6.2120748
Visual Artist,851,5.454303,5.8027115
Visual Effects Artist,852,5.4013224,5.8769345
Web Designer,853,5.252491,5.8196883
.NET Developer,854,3.1456132,6.8647075
AI Engineer,855,3.643535,7.1221633
AI Project Manager,856,2.0818064,4.8731003
AI Researcher,857,2.365183,5.868887
Aerospace Software Engineer,858,3.8961146,7.4774747
Application Developer,859,3.1576078,6.8095036
Bioinformatics Analyst,860,3.0318696,5.4231925
Blockchain Consultant,861,3.8815734,6.0201526
Blockchain Developer,862,3.2655787,6.630161
Broadcast Engineer,863,5.2739477,6.474854
Cloud Architect,864,3.7417338,6.340792
Cloud Engineer,865,3.6644425,6.621922
Cloud Security Engineer,866,1.9595175,3.590942
Computer Vision Engineer,867,4.009258,7.1992908
Cybersecurity Architect,868,1.9834342,3.6011624
Cybersecurity Engineer,869,1.9083719,3.5260606
Data Architect,870,3.1752796,5.9424386
Data Developer,871,3.1492133,5.8972363
Data Engineer,872,3.1237767,5.9676876
Data Engineering Leader,873,3.0945063,5.9458814
Data Product Manager,874,1.6432565,4.7374387
Data Scientist,875,3.0377069,5.6001606
Data Testing Engineer,876,3.193513,7.235641
Data Visualization Developer,877,3.2392933,5.9152946
Database Developer,878,3.1192803,6.4593306
Developer Advocate,879,3.784681,6.397584
Digital Forensic Analyst,880,2.498156,2.8861914
Embedded Software Engineer,881,3.4630604,7.032193
Fintech Developer,882,3.2571917,6.6376276
GIS Engineer,883,5.1986494,7.2081866
Game Software Engineer,884,4.763237,6.269089
Geospatial Analyst,885,5.3206215,7.228098
Geospatial Developer,886,5.22874,7.211579
Hardware Engineer,887,4.154504,7.504952
Healthcare Architect,888,3.800066,6.0575275
Healthcare Engineer,889,4.214857,7.741362
Identity Access Engineer,890,1.9733428,3.5874622
Infrastructure Engineer,891,4.0790687,6.8690276
Innovation Developer,892,3.899547,6.3511868
IoT Developer,893,3.3458147,6.9449773
Java Developer,894,3.1511002,6.7986736
Java Oracle Developer,895,3.0430503,6.651537
Mainframe Developer,896,3.287781,6.7788267
Middleware Engineer,897,3.4699926,6.823904
Mobile Developer,898,3.2360315,6.8829136
Network Engineer,899,4.6059494,6.7442384
Network Security Engineer,900,1.9073482,3.534224
PHP Developer,901,3.1101663,6.7773395
Penetration Tester,902,1.9100685,3.311147
Performance Engineer,903,3.98899,7.041753
QA Engineer,904,3.2436795,7.9555163
Quantitative Analyst,905,3.4249907,4.037203
RPA Developer,906,3.2580142,7.0183744
Red Team Operator,907,2.0029218,3.2175534
Robotics Engineer,908,3.913515,7.4062767
Ruby on Rails Developer,909,3.0365782,6.807583
Salesforce Developer,910,3.091311,6.6448617
Security Product Manager,911,1.8385068,4.0875955
Software Architect,912,3.6491926,6.4079623
Software Automation Engineer,913,3.4684734,7.231067
Software Developer,914,3.1274846,6.832761
Solutions Architect,915,3.7476044,6.331605
Statistical Analyst,916,3.137439,5.179724
Systems Engineer,917,4.0767374,7.0978994
Tech Founder,918,3.8110883,6.351513
Tech Trainer,919,8.304888,0.6328142
Technical Product Manager,920,1.585529,4.6884246
Technical Program,921,2.0769336,5.1418886
Technology Systems Engineer,922,4.038158,7.119744
Test Engineer,923,3.7893302,7.7433767
Wireless Communications Engineer,924,5.102835,6.7158685
Agricultural Technician,925,7.9006743,8.114155
Aircraft Maintenance,926,7.2363143,8.749979
Aircraft Technician,927,7.271929,8.650396
Assembler,928,8.621574,7.8502307
Automotive Inspector,929,6.5237465,8.850757
Automotive Technician,930,7.3152075,7.794832
Cleaning Technician,931,7.654438,7.657782
Combat Operator,932,6.951544,8.7809725
Commercial Truck Driver,933,8.798897,7.120314
Construction Foreman,934,7.6686935,8.039056
Construction Worker,935,7.952596,8.049583
Creative Producer,936,5.3425317,5.628493
Custodian,937,7.6767364,7.6658225
Damage Control Technician,938,7.3910646,8.354331
Document Technician,939,4.4222007,1.6415055
Driving Instructor,940,8.310432,1.037824
Entertainment Technician,941,5.8385077,6.1963882
Environmental Technician,942,6.8243427,8.140171
Equipment Operator,943,8.236125,7.627884
Farm Laborer,944,8.140471,7.970501
Field Service Technician,945,7.048204,7.9939537
Firefighter,946,5.7242947,9.226188
Fleet Supervisor,947,7.682621,6.8982368
Food Assembler,948,8.686413,7.69644
Food Production,949,8.666247,7.6615973
Food Production Supervisor,950,8.422512,5.0308213
Grain Technician,951,7.9806232,8.111451
Grounds Maintenance,952,7.582795,7.8481607
HVAC Technician,953,7.320649,8.103224
HVAC Trainer,954,8.3722725,0.5760872
Industrial Operator,955,8.351014,7.740032
Industrial Worker,956,8.412456,7.8184595
Inspection Technician,957,6.4890294,8.910702
Landscape Gardener,958,7.7876086,8.077565
Locksmith Technician,959,7.276434,7.95427
Logistics Handler,960,8.875053,6.5091233
Logistics Operator,961,8.838785,6.505515
Lumber Operations,962,8.318937,7.9830666
Machinist,963,8.490803,8.123641
Maintenance Operations,964,7.350556,7.264389
Maintenance Technician,965,7.3802085,7.9020257
Manufacturing Operator,966,8.474178,7.757241
Manufacturing Process Trainer,967,8.294432,0.64954203
Manufacturing Worker,968,8.587021,7.8099318
Marine Technician,969,7.4141073,8.294561
Media Technician,970,5.793806,6.1481004
Metal Fabricator,971,8.527395,8.0454035
Molding Machine Operator,972,8.649477,7.8670907
Molding Technician,973,8.662299,7.8701334
Package Handler,974,8.717632,7.02744
Painter,975,7.925983,8.001334
Parts Handler,976,8.527083,6.9793887
Pest and Lawn Technician,977,7.576977,8.123037
Plumbing Technician,978,7.4085884,8.012269
Print Technician,979,8.722994,7.9313664
Production Operator,980,8.50641,7.8096743
Production Supervisor,981,7.8578863,6.8009453
Production Technician,982,8.573669,7.834186
Quality Tester,983,3.1812663,8.093978
Recycling Operator,984,8.090093,7.5953197
Restoration Technician,985,7.422138,8.250005
Sanitation Cleaner,986,7.78721,7.5109496
Sanitation Manager,987,7.6793175,7.5022235
Sanitation Worker,988,7.8053336,7.504228
Scaffolder,989,8.16338,7.999194
Technical Instructor,990,8.2768545,0.9244212
Traffic Operations,991,7.34501,6.349249
Transport Driver,992,8.904049,6.864344
Transport Operator,993,8.86311,6.7902455
Truck Driver,994,8.880448,6.889044
Utility Construction Technician,995,7.5629,8.206132
Utility Technician,996,7.4707546,8.09352
Vehicle Detailer,997,7.9873734,7.2379766
Vehicle Technician,998,7.4550953,7.760257
Warehouse Associate,999,8.581605,7.1771936
Warehouse Worker,1000,8.557717,7.28624
Waste Collection Driver,1001,7.733513,7.5864644
Waste Management,1002,6.7313685,7.918603
Waste Management Coordinator,1003,6.6662326,7.917206
unknown,1004,4.4400964,7.910531
